name,type,hp,card_type,attacks,weakness,retreat,image_url
Bulbasaur,Bulbasaur,Grass,"Pokémon
              - Basic",Vine Whip 40,Fire ,1,https://limitlesstcg.nyc3.digitaloceanspaces.com/pocket/A1/A1_001_EN.webp
Ivysaur,Ivysaur,Grass,"Pokémon
              - Stage 1
            
                                             - Evolves from
                Bulbasaur",Razor Leaf 60,Fire ,2,https://limitlesstcg.nyc3.digitaloceanspaces.com/pocket/A1/A1_002_EN.webp
Venusaur,Venusaur,Grass,"Pokémon
              - Stage 2
            
                                             - Evolves from
                Ivysaur",Mega Drain 80,Fire ,3,https://limitlesstcg.nyc3.digitaloceanspaces.com/pocket/A1/A1_003_EN.webp
Venusaur ex,Venusaur ex,Grass,"Pokémon
              - Stage 2
            
                                             - Evolves from
                Ivysaur","Razor Leaf 60, Giant Bloom 100",Fire ,3,https://limitlesstcg.nyc3.digitaloceanspaces.com/pocket/A1/A1_004_EN.webp
Caterpie,Caterpie,Grass,"Pokémon
              - Basic",Find a Friend,Fire ,1,https://limitlesstcg.nyc3.digitaloceanspaces.com/pocket/A1/A1_005_EN.webp
Metapod,Metapod,Grass,"Pokémon
              - Stage 1
            
                                             - Evolves from
                Caterpie",Bug Bite 30,Fire ,2,https://limitlesstcg.nyc3.digitaloceanspaces.com/pocket/A1/A1_006_EN.webp
Butterfree,Butterfree,Grass,"Pokémon
              - Stage 2
            
                                             - Evolves from
                Metapod",Gust 60,Fire ,1,https://limitlesstcg.nyc3.digitaloceanspaces.com/pocket/A1/A1_007_EN.webp
Weedle,Weedle,Grass,"Pokémon
              - Basic",Sting 20,Fire ,1,https://limitlesstcg.nyc3.digitaloceanspaces.com/pocket/A1/A1_008_EN.webp
Kakuna,Kakuna,Grass,"Pokémon
              - Stage 1
            
                                             - Evolves from
                Weedle",Bug Bite 30,Fire ,2,https://limitlesstcg.nyc3.digitaloceanspaces.com/pocket/A1/A1_009_EN.webp
Beedrill,Beedrill,Grass,"Pokémon
              - Stage 2
            
                                             - Evolves from
                Kakuna",Sharp Sting 70,Fire ,1,https://limitlesstcg.nyc3.digitaloceanspaces.com/pocket/A1/A1_010_EN.webp
Oddish,Oddish,Grass,"Pokémon
              - Basic",Ram 20,Fire ,1,https://limitlesstcg.nyc3.digitaloceanspaces.com/pocket/A1/A1_011_EN.webp
Gloom,Gloom,Grass,"Pokémon
              - Stage 1
            
                                             - Evolves from
                Oddish",Drool 40,Fire ,2,https://limitlesstcg.nyc3.digitaloceanspaces.com/pocket/A1/A1_012_EN.webp
Vileplume,Vileplume,Grass,"Pokémon
              - Stage 2
            
                                             - Evolves from
                Gloom",Soothing Scent 80,Fire ,3,https://limitlesstcg.nyc3.digitaloceanspaces.com/pocket/A1/A1_013_EN.webp
Paras,Paras,Grass,"Pokémon
              - Basic",Scratch 30,Fire ,1,https://limitlesstcg.nyc3.digitaloceanspaces.com/pocket/A1/A1_014_EN.webp
Parasect,Parasect,Grass,"Pokémon
              - Stage 1
            
                                             - Evolves from
                Paras",Slash 80,Fire ,2,https://limitlesstcg.nyc3.digitaloceanspaces.com/pocket/A1/A1_015_EN.webp
Venonat,Venonat,Grass,"Pokémon
              - Basic",Tackle 20,Fire ,1,https://limitlesstcg.nyc3.digitaloceanspaces.com/pocket/A1/A1_016_EN.webp
Venomoth,Venomoth,Grass,"Pokémon
              - Stage 1
            
                                             - Evolves from
                Venonat",Poison Powder 30,Fire ,1,https://limitlesstcg.nyc3.digitaloceanspaces.com/pocket/A1/A1_017_EN.webp
Bellsprout,Bellsprout,Grass,"Pokémon
              - Basic",Vine Whip 20,Fire ,1,https://limitlesstcg.nyc3.digitaloceanspaces.com/pocket/A1/A1_018_EN.webp
Weepinbell,Weepinbell,Grass,"Pokémon
              - Stage 1
            
                                             - Evolves from
                Bellsprout",Razor Leaf 40,Fire ,2,https://limitlesstcg.nyc3.digitaloceanspaces.com/pocket/A1/A1_019_EN.webp
Victreebel,Victreebel,Grass,"Pokémon
              - Stage 2
            
                                             - Evolves from
                Weepinbell",Vine Whip 60,Fire ,2,https://limitlesstcg.nyc3.digitaloceanspaces.com/pocket/A1/A1_020_EN.webp
Exeggcute,Exeggcute,Grass,"Pokémon
              - Basic",Seed Bomb 20,Fire ,1,https://limitlesstcg.nyc3.digitaloceanspaces.com/pocket/A1/A1_021_EN.webp
Exeggutor,Exeggutor,Grass,"Pokémon
              - Stage 1
            
                                             - Evolves from
                Exeggcute",Stomp 30+,Fire ,3,https://limitlesstcg.nyc3.digitaloceanspaces.com/pocket/A1/A1_022_EN.webp
Exeggutor ex,Exeggutor ex,Grass,"Pokémon
              - Stage 1
            
                                             - Evolves from
                Exeggcute",Tropical Swing 40+,Fire ,3,https://limitlesstcg.nyc3.digitaloceanspaces.com/pocket/A1/A1_023_EN.webp
Tangela,Tangela,Grass,"Pokémon
              - Basic",Absorb 40,Fire ,2,https://limitlesstcg.nyc3.digitaloceanspaces.com/pocket/A1/A1_024_EN.webp
Scyther,Scyther,Grass,"Pokémon
              - Basic",Sharp Scythe 30,Fire ,1,https://limitlesstcg.nyc3.digitaloceanspaces.com/pocket/A1/A1_025_EN.webp
Pinsir,Pinsir,Grass,"Pokémon
              - Basic",Double Horn 50x,Fire ,2,https://limitlesstcg.nyc3.digitaloceanspaces.com/pocket/A1/A1_026_EN.webp
Cottonee,Cottonee,Grass,"Pokémon
              - Basic",Attach 10,Fire ,1,https://limitlesstcg.nyc3.digitaloceanspaces.com/pocket/A1/A1_027_EN.webp
Whimsicott,Whimsicott,Grass,"Pokémon
              - Stage 1
            
                                             - Evolves from
                Cottonee",Rolling Tackle 40,Fire ,1,https://limitlesstcg.nyc3.digitaloceanspaces.com/pocket/A1/A1_028_EN.webp
Petilil,Petilil,Grass,"Pokémon
              - Basic",Blot 10,Fire ,1,https://limitlesstcg.nyc3.digitaloceanspaces.com/pocket/A1/A1_029_EN.webp
Lilligant,Lilligant,Grass,"Pokémon
              - Stage 1
            
                                             - Evolves from
                Petilil",Leaf Supply 50,Fire ,1,https://limitlesstcg.nyc3.digitaloceanspaces.com/pocket/A1/A1_030_EN.webp
Skiddo,Skiddo,Grass,"Pokémon
              - Basic",Surprise Attack 40,Fire ,1,https://limitlesstcg.nyc3.digitaloceanspaces.com/pocket/A1/A1_031_EN.webp
Gogoat,Gogoat,Grass,"Pokémon
              - Stage 1
            
                                             - Evolves from
                Skiddo",Razor Leaf 70,Fire ,2,https://limitlesstcg.nyc3.digitaloceanspaces.com/pocket/A1/A1_032_EN.webp
Charmander,Charmander,Fire,"Pokémon
              - Basic",Ember 30,Water ,1,https://limitlesstcg.nyc3.digitaloceanspaces.com/pocket/A1/A1_033_EN.webp
Charmeleon,Charmeleon,Fire,"Pokémon
              - Stage 1
            
                                             - Evolves from
                Charmander",Fire Claws 60,Water ,2,https://limitlesstcg.nyc3.digitaloceanspaces.com/pocket/A1/A1_034_EN.webp
Charizard,Charizard,Fire,"Pokémon
              - Stage 2
            
                                             - Evolves from
                Charmeleon",Fire Spin 150,Water ,2,https://limitlesstcg.nyc3.digitaloceanspaces.com/pocket/A1/A1_035_EN.webp
Charizard ex,Charizard ex,Fire,"Pokémon
              - Stage 2
            
                                             - Evolves from
                Charmeleon","Slash 60, Crimson Storm 200",Water ,2,https://limitlesstcg.nyc3.digitaloceanspaces.com/pocket/A1/A1_036_EN.webp
Vulpix,Vulpix,Fire,"Pokémon
              - Basic",Tail Whip,Water ,1,https://limitlesstcg.nyc3.digitaloceanspaces.com/pocket/A1/A1_037_EN.webp
Ninetales,Ninetales,Fire,"Pokémon
              - Stage 1
            
                                             - Evolves from
                Vulpix",Flamethrower 90,Water ,1,https://limitlesstcg.nyc3.digitaloceanspaces.com/pocket/A1/A1_038_EN.webp
Growlithe,Growlithe,Fire,"Pokémon
              - Basic",Bite 20,Water ,1,https://limitlesstcg.nyc3.digitaloceanspaces.com/pocket/A1/A1_039_EN.webp
Arcanine,Arcanine,Fire,"Pokémon
              - Stage 1
            
                                             - Evolves from
                Growlithe",Heat Tackle 100,Water ,2,https://limitlesstcg.nyc3.digitaloceanspaces.com/pocket/A1/A1_040_EN.webp
Arcanine ex,Arcanine ex,Fire,"Pokémon
              - Stage 1
            
                                             - Evolves from
                Growlithe",Inferno Onrush 120,Water ,2,https://limitlesstcg.nyc3.digitaloceanspaces.com/pocket/A1/A1_041_EN.webp
Ponyta,Ponyta,Fire,"Pokémon
              - Basic",Flare 20,Water ,1,https://limitlesstcg.nyc3.digitaloceanspaces.com/pocket/A1/A1_042_EN.webp
Rapidash,Rapidash,Fire,"Pokémon
              - Stage 1
            
                                             - Evolves from
                Ponyta",Fire Mane 40,Water ,1,https://limitlesstcg.nyc3.digitaloceanspaces.com/pocket/A1/A1_043_EN.webp
Magmar,Magmar,Fire,"Pokémon
              - Basic",Magma Punch 50,Water ,2,https://limitlesstcg.nyc3.digitaloceanspaces.com/pocket/A1/A1_044_EN.webp
Flareon,Flareon,Fire,"Pokémon
              - Stage 1
            
                                             - Evolves from
                Eevee",Flamethrower 110,Water ,2,https://limitlesstcg.nyc3.digitaloceanspaces.com/pocket/A1/A1_045_EN.webp
Moltres,Moltres,Fire,"Pokémon
              - Basic",Sky Attack 130,Lightning ,1,https://limitlesstcg.nyc3.digitaloceanspaces.com/pocket/A1/A1_046_EN.webp
Moltres ex,Moltres ex,Fire,"Pokémon
              - Basic","Inferno Dance, Heat Blast 70",Lightning ,2,https://limitlesstcg.nyc3.digitaloceanspaces.com/pocket/A1/A1_047_EN.webp
Heatmor,Heatmor,Fire,"Pokémon
              - Basic",Combustion 30,Water ,1,https://limitlesstcg.nyc3.digitaloceanspaces.com/pocket/A1/A1_048_EN.webp
Salandit,Salandit,Fire,"Pokémon
              - Basic",Scratch 20,Water ,1,https://limitlesstcg.nyc3.digitaloceanspaces.com/pocket/A1/A1_049_EN.webp
Salazzle,Salazzle,Fire,"Pokémon
              - Stage 1
            
                                             - Evolves from
                Salandit",Fire Claws 60,Water ,1,https://limitlesstcg.nyc3.digitaloceanspaces.com/pocket/A1/A1_050_EN.webp
Sizzlipede,Sizzlipede,Fire,"Pokémon
              - Basic",Gnaw 10,Water ,1,https://limitlesstcg.nyc3.digitaloceanspaces.com/pocket/A1/A1_051_EN.webp
Centiskorch,Centiskorch,Fire,"Pokémon
              - Stage 1
            
                                             - Evolves from
                Sizzlipede",Fire Blast 130,Water ,3,https://limitlesstcg.nyc3.digitaloceanspaces.com/pocket/A1/A1_052_EN.webp
Squirtle,Squirtle,Water,"Pokémon
              - Basic",ater Gun 20,Lightning ,1,https://limitlesstcg.nyc3.digitaloceanspaces.com/pocket/A1/A1_053_EN.webp
Wartortle,Wartortle,Water,"Pokémon
              - Stage 1
            
                                             - Evolves from
                Squirtle",Wave Splash 40,Lightning ,1,https://limitlesstcg.nyc3.digitaloceanspaces.com/pocket/A1/A1_054_EN.webp
Blastoise,Blastoise,Water,"Pokémon
              - Stage 2
            
                                             - Evolves from
                Wartortle",Hydro Pump 80+,Lightning ,3,https://limitlesstcg.nyc3.digitaloceanspaces.com/pocket/A1/A1_055_EN.webp
Blastoise ex,Blastoise ex,Water,"Pokémon
              - Stage 2
            
                                             - Evolves from
                Wartortle","Surf 40, Hydro Bazooka 100+",Lightning ,3,https://limitlesstcg.nyc3.digitaloceanspaces.com/pocket/A1/A1_056_EN.webp
Psyduck,Psyduck,Water,"Pokémon
              - Basic",Headache 10,Lightning ,1,https://limitlesstcg.nyc3.digitaloceanspaces.com/pocket/A1/A1_057_EN.webp
Golduck,Golduck,Water,"Pokémon
              - Stage 1
            
                                             - Evolves from
                Psyduck",Aqua Edge 70,Lightning ,1,https://limitlesstcg.nyc3.digitaloceanspaces.com/pocket/A1/A1_058_EN.webp
Poliwag,Poliwag,Water,"Pokémon
              - Basic",Razor Fin 10,Lightning ,1,https://limitlesstcg.nyc3.digitaloceanspaces.com/pocket/A1/A1_059_EN.webp
Poliwhirl,Poliwhirl,Water,"Pokémon
              - Stage 1
            
                                             - Evolves from
                Poliwag",Knuckle Punch 40,Lightning ,2,https://limitlesstcg.nyc3.digitaloceanspaces.com/pocket/A1/A1_060_EN.webp
Poliwrath,Poliwrath,Water,"Pokémon
              - Stage 2
            
                                             - Evolves from
                Poliwhirl",Mega Punch 80,Lightning ,2,https://limitlesstcg.nyc3.digitaloceanspaces.com/pocket/A1/A1_061_EN.webp
Tentacool,Tentacool,Water,"Pokémon
              - Basic",Gentle Slap 20,Lightning ,1,https://limitlesstcg.nyc3.digitaloceanspaces.com/pocket/A1/A1_062_EN.webp
Tentacruel,Tentacruel,Water,"Pokémon
              - Stage 1
            
                                             - Evolves from
                Tentacool",Poison Tentacles 50,Lightning ,2,https://limitlesstcg.nyc3.digitaloceanspaces.com/pocket/A1/A1_063_EN.webp
Seel,Seel,Water,"Pokémon
              - Basic",Headbutt 30,Lightning ,2,https://limitlesstcg.nyc3.digitaloceanspaces.com/pocket/A1/A1_064_EN.webp
Dewgong,Dewgong,Water,"Pokémon
              - Stage 1
            
                                             - Evolves from
                Seel",Surf 90,Lightning ,3,https://limitlesstcg.nyc3.digitaloceanspaces.com/pocket/A1/A1_065_EN.webp
Shellder,Shellder,Water,"Pokémon
              - Basic",Tongue Slap 20,Lightning ,1,https://limitlesstcg.nyc3.digitaloceanspaces.com/pocket/A1/A1_066_EN.webp
Cloyster,Cloyster,Water,"Pokémon
              - Stage 1
            
                                             - Evolves from
                Shellder",Surf 70,Lightning ,3,https://limitlesstcg.nyc3.digitaloceanspaces.com/pocket/A1/A1_067_EN.webp
Krabby,Krabby,Water,"Pokémon
              - Basic",Vise Grip 40,Lightning ,2,https://limitlesstcg.nyc3.digitaloceanspaces.com/pocket/A1/A1_068_EN.webp
Kingler,Kingler,Water,"Pokémon
              - Stage 1
            
                                             - Evolves from
                Krabby",KO Crab 80+,Lightning ,3,https://limitlesstcg.nyc3.digitaloceanspaces.com/pocket/A1/A1_069_EN.webp
Horsea,Horsea,Water,"Pokémon
              - Basic",ater Gun 20,Lightning ,1,https://limitlesstcg.nyc3.digitaloceanspaces.com/pocket/A1/A1_070_EN.webp
Seadra,Seadra,Water,"Pokémon
              - Stage 1
            
                                             - Evolves from
                Horsea",Water Arrow,Lightning ,1,https://limitlesstcg.nyc3.digitaloceanspaces.com/pocket/A1/A1_071_EN.webp
Goldeen,Goldeen,Water,"Pokémon
              - Basic",Flop 10,Lightning ,1,https://limitlesstcg.nyc3.digitaloceanspaces.com/pocket/A1/A1_072_EN.webp
Seaking,Seaking,Water,"Pokémon
              - Stage 1
            
                                             - Evolves from
                Goldeen",Horn Hazard 80,Lightning ,1,https://limitlesstcg.nyc3.digitaloceanspaces.com/pocket/A1/A1_073_EN.webp
Staryu,Staryu,Water,"Pokémon
              - Basic",Smack 20,Lightning ,1,https://limitlesstcg.nyc3.digitaloceanspaces.com/pocket/A1/A1_074_EN.webp
Starmie,Starmie,Water,"Pokémon
              - Stage 1
            
                                             - Evolves from
                Staryu",ave Splash 40,Lightning ,0,https://limitlesstcg.nyc3.digitaloceanspaces.com/pocket/A1/A1_075_EN.webp
Starmie ex,Starmie ex,Water,"Pokémon
              - Stage 1
            
                                             - Evolves from
                Staryu",Hydro Splash 90,Lightning ,0,https://limitlesstcg.nyc3.digitaloceanspaces.com/pocket/A1/A1_076_EN.webp
Magikarp,Magikarp,Water,"Pokémon
              - Basic",Splash 10,Lightning ,1,https://limitlesstcg.nyc3.digitaloceanspaces.com/pocket/A1/A1_077_EN.webp
Gyarados,Gyarados,Water,"Pokémon
              - Stage 1
            
                                             - Evolves from
                Magikarp",Hyper Beam 100,Lightning ,4,https://limitlesstcg.nyc3.digitaloceanspaces.com/pocket/A1/A1_078_EN.webp
Lapras,Lapras,Water,"Pokémon
              - Basic",Hydro Pump 20+,Lightning ,2,https://limitlesstcg.nyc3.digitaloceanspaces.com/pocket/A1/A1_079_EN.webp
Vaporeon,Vaporeon,Water,"Pokémon
              - Stage 1
            
                                             - Evolves from
                Eevee",Bubble Drain 60,Lightning ,2,https://limitlesstcg.nyc3.digitaloceanspaces.com/pocket/A1/A1_080_EN.webp
Omanyte,Omanyte,Water,"Pokémon
              - Stage 1
            
                                             - Evolves from
                Helix Fossil",ater Gun 40,Lightning ,1,https://limitlesstcg.nyc3.digitaloceanspaces.com/pocket/A1/A1_081_EN.webp
Omastar,Omastar,Water,"Pokémon
              - Stage 2
            
                                             - Evolves from
                Omanyte",Ancient Whirlpool 70,Lightning ,2,https://limitlesstcg.nyc3.digitaloceanspaces.com/pocket/A1/A1_082_EN.webp
Articuno,Articuno,Water,"Pokémon
              - Basic",Ice Beam 60,Lightning ,1,https://limitlesstcg.nyc3.digitaloceanspaces.com/pocket/A1/A1_083_EN.webp
Articuno ex,Articuno ex,Water,"Pokémon
              - Basic","Ice Wing 40, Blizzard 80",Lightning ,2,https://limitlesstcg.nyc3.digitaloceanspaces.com/pocket/A1/A1_084_EN.webp
Ducklett,Ducklett,Water,"Pokémon
              - Basic",Flap 30,Lightning ,1,https://limitlesstcg.nyc3.digitaloceanspaces.com/pocket/A1/A1_085_EN.webp
Swanna,Swanna,Water,"Pokémon
              - Stage 1
            
                                             - Evolves from
                Ducklett",Wing Attack 70,Lightning ,1,https://limitlesstcg.nyc3.digitaloceanspaces.com/pocket/A1/A1_086_EN.webp
Froakie,Froakie,Water,"Pokémon
              - Basic",Flop 10,Lightning ,1,https://limitlesstcg.nyc3.digitaloceanspaces.com/pocket/A1/A1_087_EN.webp
Frogadier,Frogadier,Water,"Pokémon
              - Stage 1
            
                                             - Evolves from
                Froakie",Water Drip 30,Lightning ,1,https://limitlesstcg.nyc3.digitaloceanspaces.com/pocket/A1/A1_088_EN.webp
Greninja,Greninja,Water,"Pokémon
              - Stage 2
            
                                             - Evolves from
                Frogadier",Mist Slash 60,Lightning ,1,https://limitlesstcg.nyc3.digitaloceanspaces.com/pocket/A1/A1_089_EN.webp
Pyukumuku,Pyukumuku,Water,"Pokémon
              - Basic",Rain Splash 30,Lightning ,1,https://limitlesstcg.nyc3.digitaloceanspaces.com/pocket/A1/A1_090_EN.webp
Bruxish,Bruxish,Water,"Pokémon
              - Basic",Second Strike 10+,Lightning ,1,https://limitlesstcg.nyc3.digitaloceanspaces.com/pocket/A1/A1_091_EN.webp
Snom,Snom,Water,"Pokémon
              - Basic",Ram 10,Metal ,1,https://limitlesstcg.nyc3.digitaloceanspaces.com/pocket/A1/A1_092_EN.webp
Frosmoth,Frosmoth,Water,"Pokémon
              - Stage 1
            
                                             - Evolves from
                Snom",Powder Snow 40,Metal ,1,https://limitlesstcg.nyc3.digitaloceanspaces.com/pocket/A1/A1_093_EN.webp
Pikachu,Pikachu,Lightning,"Pokémon
              - Basic",Gnaw 20,Fighting ,1,https://limitlesstcg.nyc3.digitaloceanspaces.com/pocket/A1/A1_094_EN.webp
Raichu,Raichu,Lightning,"Pokémon
              - Stage 1
            
                                             - Evolves from
                Pikachu",Thunderbolt 140,Fighting ,1,https://limitlesstcg.nyc3.digitaloceanspaces.com/pocket/A1/A1_095_EN.webp
Pikachu ex,Pikachu ex,Lightning,"Pokémon
              - Basic",Circle Circuit 30x,Fighting ,1,https://limitlesstcg.nyc3.digitaloceanspaces.com/pocket/A1/A1_096_EN.webp
Magnemite,Magnemite,Lightning,"Pokémon
              - Basic",ightning Ball 20,Fighting ,1,https://limitlesstcg.nyc3.digitaloceanspaces.com/pocket/A1/A1_097_EN.webp
Magneton,Magneton,Lightning,"Pokémon
              - Stage 1
            
                                             - Evolves from
                Magnemite",Spinning Attack 60,Fighting ,2,https://limitlesstcg.nyc3.digitaloceanspaces.com/pocket/A1/A1_098_EN.webp
Voltorb,Voltorb,Lightning,"Pokémon
              - Basic",Tackle 20,Fighting ,1,https://limitlesstcg.nyc3.digitaloceanspaces.com/pocket/A1/A1_099_EN.webp
Electrode,Electrode,Lightning,"Pokémon
              - Stage 1
            
                                             - Evolves from
                Voltorb",Electro Ball 70,Fighting ,0,https://limitlesstcg.nyc3.digitaloceanspaces.com/pocket/A1/A1_100_EN.webp
Electabuzz,Electabuzz,Lightning,"Pokémon
              - Basic",Thunder Punch 40+,Fighting ,1,https://limitlesstcg.nyc3.digitaloceanspaces.com/pocket/A1/A1_101_EN.webp
Jolteon,Jolteon,Lightning,"Pokémon
              - Stage 1
            
                                             - Evolves from
                Eevee",Pin Missile 40x,Fighting ,1,https://limitlesstcg.nyc3.digitaloceanspaces.com/pocket/A1/A1_102_EN.webp
Zapdos,Zapdos,Lightning,"Pokémon
              - Basic",Raging Thunder 100,Lightning ,1,https://limitlesstcg.nyc3.digitaloceanspaces.com/pocket/A1/A1_103_EN.webp
Zapdos ex,Zapdos ex,Lightning,"Pokémon
              - Basic","Peck 20, Thundering Hurricane 50x",Lightning ,1,https://limitlesstcg.nyc3.digitaloceanspaces.com/pocket/A1/A1_104_EN.webp
Blitzle,Blitzle,Lightning,"Pokémon
              - Basic",Zap Kick 20,Fighting ,1,https://limitlesstcg.nyc3.digitaloceanspaces.com/pocket/A1/A1_105_EN.webp
Zebstrika,Zebstrika,Lightning,"Pokémon
              - Stage 1
            
                                             - Evolves from
                Blitzle",Thunder Spear,Fighting ,1,https://limitlesstcg.nyc3.digitaloceanspaces.com/pocket/A1/A1_106_EN.webp
Tynamo,Tynamo,Lightning,"Pokémon
              - Basic",Tiny Charge 30,Fighting ,1,https://limitlesstcg.nyc3.digitaloceanspaces.com/pocket/A1/A1_107_EN.webp
Eelektrik,Eelektrik,Lightning,"Pokémon
              - Stage 1
            
                                             - Evolves from
                Tynamo",Head Bolt 40,Fighting ,2,https://limitlesstcg.nyc3.digitaloceanspaces.com/pocket/A1/A1_108_EN.webp
Eelektross,Eelektross,Lightning,"Pokémon
              - Stage 2
            
                                             - Evolves from
                Eelektrik",Thunder Fang 80,Fighting ,3,https://limitlesstcg.nyc3.digitaloceanspaces.com/pocket/A1/A1_109_EN.webp
Helioptile,Helioptile,Lightning,"Pokémon
              - Basic",Tail Whap 20,Fighting ,1,https://limitlesstcg.nyc3.digitaloceanspaces.com/pocket/A1/A1_110_EN.webp
Heliolisk,Heliolisk,Lightning,"Pokémon
              - Stage 1
            
                                             - Evolves from
                Helioptile",Quick Attack 40+,Fighting ,1,https://limitlesstcg.nyc3.digitaloceanspaces.com/pocket/A1/A1_111_EN.webp
Pincurchin,Pincurchin,Lightning,"Pokémon
              - Basic",Thunder Shock 30,Fighting ,1,https://limitlesstcg.nyc3.digitaloceanspaces.com/pocket/A1/A1_112_EN.webp
Clefairy,Clefairy,Psychic,"Pokémon
              - Basic",Slap 20,Metal ,1,https://limitlesstcg.nyc3.digitaloceanspaces.com/pocket/A1/A1_113_EN.webp
Clefable,Clefable,Psychic,"Pokémon
              - Stage 1
            
                                             - Evolves from
                Clefairy",Magical Shot 40,Metal ,1,https://limitlesstcg.nyc3.digitaloceanspaces.com/pocket/A1/A1_114_EN.webp
Abra,Abra,Psychic,"Pokémon
              - Basic",Unknown 0,Darkness ,1,https://limitlesstcg.nyc3.digitaloceanspaces.com/pocket/A1/A1_115_EN.webp
Kadabra,Kadabra,Psychic,"Pokémon
              - Stage 1
            
                                             - Evolves from
                Abra",Super Psy Bolt 60,Darkness ,1,https://limitlesstcg.nyc3.digitaloceanspaces.com/pocket/A1/A1_116_EN.webp
Alakazam,Alakazam,Psychic,"Pokémon
              - Stage 2
            
                                             - Evolves from
                Kadabra",Psychic 60+,Darkness ,2,https://limitlesstcg.nyc3.digitaloceanspaces.com/pocket/A1/A1_117_EN.webp
Slowpoke,Slowpoke,Psychic,"Pokémon
              - Basic",Tail Whap 30,Darkness ,2,https://limitlesstcg.nyc3.digitaloceanspaces.com/pocket/A1/A1_118_EN.webp
Slowbro,Slowbro,Psychic,"Pokémon
              - Stage 1
            
                                             - Evolves from
                Slowpoke",Super Psy Bolt 80,Darkness ,3,https://limitlesstcg.nyc3.digitaloceanspaces.com/pocket/A1/A1_119_EN.webp
Gastly,Gastly,Psychic,"Pokémon
              - Basic",Suffocating Gas 20,Darkness ,1,https://limitlesstcg.nyc3.digitaloceanspaces.com/pocket/A1/A1_120_EN.webp
Haunter,Haunter,Psychic,"Pokémon
              - Stage 1
            
                                             - Evolves from
                Gastly",Will-O-Wisp 30,Darkness ,1,https://limitlesstcg.nyc3.digitaloceanspaces.com/pocket/A1/A1_121_EN.webp
Gengar,Gengar,Psychic,"Pokémon
              - Stage 2
            
                                             - Evolves from
                Haunter",Bother 50,Darkness ,2,https://limitlesstcg.nyc3.digitaloceanspaces.com/pocket/A1/A1_122_EN.webp
Gengar ex,Gengar ex,Psychic,"Pokémon
              - Stage 2
            
                                             - Evolves from
                Haunter",Spooky Shot 100,Darkness ,2,https://limitlesstcg.nyc3.digitaloceanspaces.com/pocket/A1/A1_123_EN.webp
Drowzee,Drowzee,Psychic,"Pokémon
              - Basic",Mumble 30,Darkness ,2,https://limitlesstcg.nyc3.digitaloceanspaces.com/pocket/A1/A1_124_EN.webp
Hypno,Hypno,Psychic,"Pokémon
              - Stage 1
            
                                             - Evolves from
                Drowzee",Psypunch 50,Darkness ,2,https://limitlesstcg.nyc3.digitaloceanspaces.com/pocket/A1/A1_125_EN.webp
Mr. Mime,Mr. Mime,Psychic,"Pokémon
              - Basic",Barrier Attack 30,Darkness ,1,https://limitlesstcg.nyc3.digitaloceanspaces.com/pocket/A1/A1_126_EN.webp
Jynx,Jynx,Psychic,"Pokémon
              - Basic",Psychic 30+,Darkness ,1,https://limitlesstcg.nyc3.digitaloceanspaces.com/pocket/A1/A1_127_EN.webp
Mewtwo,Mewtwo,Psychic,"Pokémon
              - Basic",Power Blast 120,Darkness ,2,https://limitlesstcg.nyc3.digitaloceanspaces.com/pocket/A1/A1_128_EN.webp
Mewtwo ex,Mewtwo ex,Psychic,"Pokémon
              - Basic","Psychic Sphere 50, Psydrive 150",Darkness ,2,https://limitlesstcg.nyc3.digitaloceanspaces.com/pocket/A1/A1_129_EN.webp
Ralts,Ralts,Psychic,"Pokémon
              - Basic",Ram 10,Darkness ,1,https://limitlesstcg.nyc3.digitaloceanspaces.com/pocket/A1/A1_130_EN.webp
Kirlia,Kirlia,Psychic,"Pokémon
              - Stage 1
            
                                             - Evolves from
                Ralts",Smack 30,Darkness ,1,https://limitlesstcg.nyc3.digitaloceanspaces.com/pocket/A1/A1_131_EN.webp
Gardevoir,Gardevoir,Psychic,"Pokémon
              - Stage 2
            
                                             - Evolves from
                Kirlia",Psyshot 60,Darkness ,2,https://limitlesstcg.nyc3.digitaloceanspaces.com/pocket/A1/A1_132_EN.webp
Woobat,Woobat,Psychic,"Pokémon
              - Basic",Gnaw 10,Darkness ,1,https://limitlesstcg.nyc3.digitaloceanspaces.com/pocket/A1/A1_133_EN.webp
Swoobat,Swoobat,Psychic,"Pokémon
              - Stage 1
            
                                             - Evolves from
                Woobat",Heart Stamp 60,Darkness ,1,https://limitlesstcg.nyc3.digitaloceanspaces.com/pocket/A1/A1_134_EN.webp
Golett,Golett,Psychic,"Pokémon
              - Basic",Mega Punch 50,Darkness ,3,https://limitlesstcg.nyc3.digitaloceanspaces.com/pocket/A1/A1_135_EN.webp
Golurk,Golurk,Psychic,"Pokémon
              - Stage 1
            
                                             - Evolves from
                Golett",Double Lariat 100x,Darkness ,4,https://limitlesstcg.nyc3.digitaloceanspaces.com/pocket/A1/A1_136_EN.webp
Sandshrew,Sandshrew,Fighting,"Pokémon
              - Basic",Scratch 10,Grass ,1,https://limitlesstcg.nyc3.digitaloceanspaces.com/pocket/A1/A1_137_EN.webp
Sandslash,Sandslash,Fighting,"Pokémon
              - Stage 1
            
                                             - Evolves from
                Sandshrew",Slash 70,Grass ,2,https://limitlesstcg.nyc3.digitaloceanspaces.com/pocket/A1/A1_138_EN.webp
Diglett,Diglett,Fighting,"Pokémon
              - Basic",Mud-Slap 20,Grass ,1,https://limitlesstcg.nyc3.digitaloceanspaces.com/pocket/A1/A1_139_EN.webp
Dugtrio,Dugtrio,Fighting,"Pokémon
              - Stage 1
            
                                             - Evolves from
                Diglett",Dig 40,Grass ,1,https://limitlesstcg.nyc3.digitaloceanspaces.com/pocket/A1/A1_140_EN.webp
Mankey,Mankey,Fighting,"Pokémon
              - Basic",Low Kick 20,Psychic ,1,https://limitlesstcg.nyc3.digitaloceanspaces.com/pocket/A1/A1_141_EN.webp
Primeape,Primeape,Fighting,"Pokémon
              - Stage 1
            
                                             - Evolves from
                Mankey",Fight Back 40+,Psychic ,1,https://limitlesstcg.nyc3.digitaloceanspaces.com/pocket/A1/A1_142_EN.webp
Machop,Machop,Fighting,"Pokémon
              - Basic",Knuckle Punch 20,Psychic ,2,https://limitlesstcg.nyc3.digitaloceanspaces.com/pocket/A1/A1_143_EN.webp
Machoke,Machoke,Fighting,"Pokémon
              - Stage 1
            
                                             - Evolves from
                Machop",Strength 50,Psychic ,2,https://limitlesstcg.nyc3.digitaloceanspaces.com/pocket/A1/A1_144_EN.webp
Machamp,Machamp,Fighting,"Pokémon
              - Stage 2
            
                                             - Evolves from
                Machoke",Seismic Toss 100,Psychic ,3,https://limitlesstcg.nyc3.digitaloceanspaces.com/pocket/A1/A1_145_EN.webp
Machamp ex,Machamp ex,Fighting,"Pokémon
              - Stage 2
            
                                             - Evolves from
                Machoke",Mega Punch 120,Psychic ,3,https://limitlesstcg.nyc3.digitaloceanspaces.com/pocket/A1/A1_146_EN.webp
Geodude,Geodude,Fighting,"Pokémon
              - Basic",Tackle 20,Grass ,2,https://limitlesstcg.nyc3.digitaloceanspaces.com/pocket/A1/A1_147_EN.webp
Graveler,Graveler,Fighting,"Pokémon
              - Stage 1
            
                                             - Evolves from
                Geodude",Rollout 70,Grass ,3,https://limitlesstcg.nyc3.digitaloceanspaces.com/pocket/A1/A1_148_EN.webp
Golem,Golem,Fighting,"Pokémon
              - Stage 2
            
                                             - Evolves from
                Graveler",Double-Edge 150,Grass ,4,https://limitlesstcg.nyc3.digitaloceanspaces.com/pocket/A1/A1_149_EN.webp
Onix,Onix,Fighting,"Pokémon
              - Basic",Land Crush 70,Grass ,4,https://limitlesstcg.nyc3.digitaloceanspaces.com/pocket/A1/A1_150_EN.webp
Cubone,Cubone,Fighting,"Pokémon
              - Basic",Unknown 0,Grass ,1,https://limitlesstcg.nyc3.digitaloceanspaces.com/pocket/A1/A1_151_EN.webp
Marowak,Marowak,Fighting,"Pokémon
              - Stage 1
            
                                             - Evolves from
                Cubone",Bone Beatdown 40,Grass ,1,https://limitlesstcg.nyc3.digitaloceanspaces.com/pocket/A1/A1_152_EN.webp
Marowak ex,Marowak ex,Fighting,"Pokémon
              - Stage 1
            
                                             - Evolves from
                Cubone",Bonemerang 80x,Grass ,1,https://limitlesstcg.nyc3.digitaloceanspaces.com/pocket/A1/A1_153_EN.webp
Hitmonlee,Hitmonlee,Fighting,"Pokémon
              - Basic",Stretch Kick,Psychic ,1,https://limitlesstcg.nyc3.digitaloceanspaces.com/pocket/A1/A1_154_EN.webp
Hitmonchan,Hitmonchan,Fighting,"Pokémon
              - Basic",Jab 30,Psychic ,1,https://limitlesstcg.nyc3.digitaloceanspaces.com/pocket/A1/A1_155_EN.webp
Rhyhorn,Rhyhorn,Fighting,"Pokémon
              - Basic",Tackle 60,Grass ,3,https://limitlesstcg.nyc3.digitaloceanspaces.com/pocket/A1/A1_156_EN.webp
Rhydon,Rhydon,Fighting,"Pokémon
              - Stage 1
            
                                             - Evolves from
                Rhyhorn",Horn Drill 100,Grass ,4,https://limitlesstcg.nyc3.digitaloceanspaces.com/pocket/A1/A1_157_EN.webp
Kabuto,Kabuto,Fighting,"Pokémon
              - Stage 1
            
                                             - Evolves from
                Dome Fossil",Shell Attack 40,Grass ,1,https://limitlesstcg.nyc3.digitaloceanspaces.com/pocket/A1/A1_158_EN.webp
Kabutops,Kabutops,Fighting,"Pokémon
              - Stage 2
            
                                             - Evolves from
                Kabuto",Leech Life 50,Grass ,1,https://limitlesstcg.nyc3.digitaloceanspaces.com/pocket/A1/A1_159_EN.webp
Mienfoo,Mienfoo,Fighting,"Pokémon
              - Basic",Pound 20,Psychic ,1,https://limitlesstcg.nyc3.digitaloceanspaces.com/pocket/A1/A1_160_EN.webp
Mienshao,Mienshao,Fighting,"Pokémon
              - Stage 1
            
                                             - Evolves from
                Mienfoo",Spiral Kick 40,Psychic ,1,https://limitlesstcg.nyc3.digitaloceanspaces.com/pocket/A1/A1_161_EN.webp
Clobbopus,Clobbopus,Fighting,"Pokémon
              - Basic",Knuckle Punch 30,Psychic ,2,https://limitlesstcg.nyc3.digitaloceanspaces.com/pocket/A1/A1_162_EN.webp
Grapploct,Grapploct,Fighting,"Pokémon
              - Stage 1
            
                                             - Evolves from
                Clobbopus",Knock Back 70,Psychic ,3,https://limitlesstcg.nyc3.digitaloceanspaces.com/pocket/A1/A1_163_EN.webp
Ekans,Ekans,Darkness,"Pokémon
              - Basic",Bite 20,Fighting ,1,https://limitlesstcg.nyc3.digitaloceanspaces.com/pocket/A1/A1_164_EN.webp
Arbok,Arbok,Darkness,"Pokémon
              - Stage 1
            
                                             - Evolves from
                Ekans",Corner 60,Fighting ,2,https://limitlesstcg.nyc3.digitaloceanspaces.com/pocket/A1/A1_165_EN.webp
Nidoran♀,Nidoran♀,Darkness,"Pokémon
              - Basic",Call for Family,Fighting ,1,https://limitlesstcg.nyc3.digitaloceanspaces.com/pocket/A1/A1_166_EN.webp
Nidorina,Nidorina,Darkness,"Pokémon
              - Stage 1
            
                                             - Evolves from
                Nidoran♀",Bite 30,Fighting ,1,https://limitlesstcg.nyc3.digitaloceanspaces.com/pocket/A1/A1_167_EN.webp
Nidoqueen,Nidoqueen,Darkness,"Pokémon
              - Stage 2
            
                                             - Evolves from
                Nidorina",Lovestrike 80+,Fighting ,2,https://limitlesstcg.nyc3.digitaloceanspaces.com/pocket/A1/A1_168_EN.webp
Nidoran♂,Nidoran♂,Darkness,"Pokémon
              - Basic",Peck 20,Fighting ,1,https://limitlesstcg.nyc3.digitaloceanspaces.com/pocket/A1/A1_169_EN.webp
Nidorino,Nidorino,Darkness,"Pokémon
              - Stage 1
            
                                             - Evolves from
                Nidoran♂",Horn Attack 40,Fighting ,2,https://limitlesstcg.nyc3.digitaloceanspaces.com/pocket/A1/A1_170_EN.webp
Nidoking,Nidoking,Darkness,"Pokémon
              - Stage 2
            
                                             - Evolves from
                Nidorino",Poison Horn 90,Fighting ,3,https://limitlesstcg.nyc3.digitaloceanspaces.com/pocket/A1/A1_171_EN.webp
Zubat,Zubat,Darkness,"Pokémon
              - Basic",Glide 10,Fighting ,1,https://limitlesstcg.nyc3.digitaloceanspaces.com/pocket/A1/A1_172_EN.webp
Golbat,Golbat,Darkness,"Pokémon
              - Stage 1
            
                                             - Evolves from
                Zubat",Wing Attack 40,Fighting ,1,https://limitlesstcg.nyc3.digitaloceanspaces.com/pocket/A1/A1_173_EN.webp
Grimer,Grimer,Darkness,"Pokémon
              - Basic",Poison Gas 10,Fighting ,3,https://limitlesstcg.nyc3.digitaloceanspaces.com/pocket/A1/A1_174_EN.webp
Muk,Muk,Darkness,"Pokémon
              - Stage 1
            
                                             - Evolves from
                Grimer",Venoshock 70+,Fighting ,3,https://limitlesstcg.nyc3.digitaloceanspaces.com/pocket/A1/A1_175_EN.webp
Koffing,Koffing,Darkness,"Pokémon
              - Basic",Suffocating Gas 20,Fighting ,1,https://limitlesstcg.nyc3.digitaloceanspaces.com/pocket/A1/A1_176_EN.webp
Weezing,Weezing,Darkness,"Pokémon
              - Stage 1
            
                                             - Evolves from
                Koffing",Tackle 30,Fighting ,3,https://limitlesstcg.nyc3.digitaloceanspaces.com/pocket/A1/A1_177_EN.webp
Mawile,Mawile,Metal,"Pokémon
              - Basic",Crunch 20,Fire ,1,https://limitlesstcg.nyc3.digitaloceanspaces.com/pocket/A1/A1_178_EN.webp
Pawniard,Pawniard,Metal,"Pokémon
              - Basic",Pierce 30,Fire ,1,https://limitlesstcg.nyc3.digitaloceanspaces.com/pocket/A1/A1_179_EN.webp
Bisharp,Bisharp,Metal,"Pokémon
              - Stage 1
            
                                             - Evolves from
                Pawniard",Metal Claw 70,Fire ,1,https://limitlesstcg.nyc3.digitaloceanspaces.com/pocket/A1/A1_180_EN.webp
Meltan,Meltan,Metal,"Pokémon
              - Basic",Unknown 0,Fire ,1,https://limitlesstcg.nyc3.digitaloceanspaces.com/pocket/A1/A1_181_EN.webp
Melmetal,Melmetal,Metal,"Pokémon
              - Stage 1
            
                                             - Evolves from
                Meltan",Heavy Impact 120,Fire ,3,https://limitlesstcg.nyc3.digitaloceanspaces.com/pocket/A1/A1_182_EN.webp
Dratini,Dratini,Dragon,"Pokémon
              - Basic",Ram 40,none ,1,https://limitlesstcg.nyc3.digitaloceanspaces.com/pocket/A1/A1_183_EN.webp
Dragonair,Dragonair,Dragon,"Pokémon
              - Stage 1
            
                                             - Evolves from
                Dratini",Tail Smack 80,none ,1,https://limitlesstcg.nyc3.digitaloceanspaces.com/pocket/A1/A1_184_EN.webp
Dragonite,Dragonite,Dragon,"Pokémon
              - Stage 2
            
                                             - Evolves from
                Dragonair",Draco Meteor,none ,3,https://limitlesstcg.nyc3.digitaloceanspaces.com/pocket/A1/A1_185_EN.webp
Pidgey,Pidgey,Colorless,"Pokémon
              - Basic",Gust 10,Lightning ,1,https://limitlesstcg.nyc3.digitaloceanspaces.com/pocket/A1/A1_186_EN.webp
Pidgeotto,Pidgeotto,Colorless,"Pokémon
              - Stage 1
            
                                             - Evolves from
                Pidgey",Gust 30,Lightning ,1,https://limitlesstcg.nyc3.digitaloceanspaces.com/pocket/A1/A1_187_EN.webp
Pidgeot,Pidgeot,Colorless,"Pokémon
              - Stage 2
            
                                             - Evolves from
                Pidgeotto",Wing Attack 70,Lightning ,1,https://limitlesstcg.nyc3.digitaloceanspaces.com/pocket/A1/A1_188_EN.webp
Rattata,Rattata,Colorless,"Pokémon
              - Basic",Gnaw 20,Fighting ,1,https://limitlesstcg.nyc3.digitaloceanspaces.com/pocket/A1/A1_189_EN.webp
Raticate,Raticate,Colorless,"Pokémon
              - Stage 1
            
                                             - Evolves from
                Rattata",Bite 40,Fighting ,1,https://limitlesstcg.nyc3.digitaloceanspaces.com/pocket/A1/A1_190_EN.webp
Spearow,Spearow,Colorless,"Pokémon
              - Basic",Peck 20,Lightning ,1,https://limitlesstcg.nyc3.digitaloceanspaces.com/pocket/A1/A1_191_EN.webp
Fearow,Fearow,Colorless,"Pokémon
              - Stage 1
            
                                             - Evolves from
                Spearow",Drill Run 50,Lightning ,1,https://limitlesstcg.nyc3.digitaloceanspaces.com/pocket/A1/A1_192_EN.webp
Jigglypuff,Jigglypuff,Colorless,"Pokémon
              - Basic",Pound 30,Fighting ,1,https://limitlesstcg.nyc3.digitaloceanspaces.com/pocket/A1/A1_193_EN.webp
Wigglytuff,Wigglytuff,Colorless,"Pokémon
              - Stage 1
            
                                             - Evolves from
                Jigglypuff",Hyper Voice 60,Fighting ,2,https://limitlesstcg.nyc3.digitaloceanspaces.com/pocket/A1/A1_194_EN.webp
Wigglytuff ex,Wigglytuff ex,Colorless,"Pokémon
              - Stage 1
            
                                             - Evolves from
                Jigglypuff",Sleepy Song 80,Fighting ,2,https://limitlesstcg.nyc3.digitaloceanspaces.com/pocket/A1/A1_195_EN.webp
Meowth,Meowth,Colorless,"Pokémon
              - Basic",Pay Day 10,Fighting ,1,https://limitlesstcg.nyc3.digitaloceanspaces.com/pocket/A1/A1_196_EN.webp
Persian,Persian,Colorless,"Pokémon
              - Stage 1
            
                                             - Evolves from
                Meowth",Shadow Claw 40,Fighting ,1,https://limitlesstcg.nyc3.digitaloceanspaces.com/pocket/A1/A1_197_EN.webp
Farfetch'd,Farfetch'd,Colorless,"Pokémon
              - Basic",Leek Slap 40,Lightning ,1,https://limitlesstcg.nyc3.digitaloceanspaces.com/pocket/A1/A1_198_EN.webp
Doduo,Doduo,Colorless,"Pokémon
              - Basic",Peck 20,Lightning ,1,https://limitlesstcg.nyc3.digitaloceanspaces.com/pocket/A1/A1_199_EN.webp
Dodrio,Dodrio,Colorless,"Pokémon
              - Stage 1
            
                                             - Evolves from
                Doduo",Drill Peck 40,Lightning ,0,https://limitlesstcg.nyc3.digitaloceanspaces.com/pocket/A1/A1_200_EN.webp
Lickitung,Lickitung,Colorless,"Pokémon
              - Basic",Continuous Lick 60x,Fighting ,3,https://limitlesstcg.nyc3.digitaloceanspaces.com/pocket/A1/A1_201_EN.webp
Chansey,Chansey,Colorless,"Pokémon
              - Basic",Gentle Slap 60,Fighting ,3,https://limitlesstcg.nyc3.digitaloceanspaces.com/pocket/A1/A1_202_EN.webp
Kangaskhan,Kangaskhan,Colorless,"Pokémon
              - Basic",Dizzy Punch 30x,Fighting ,3,https://limitlesstcg.nyc3.digitaloceanspaces.com/pocket/A1/A1_203_EN.webp
Tauros,Tauros,Colorless,"Pokémon
              - Basic",Horn Attack 50,Fighting ,2,https://limitlesstcg.nyc3.digitaloceanspaces.com/pocket/A1/A1_204_EN.webp
Ditto,Ditto,Colorless,"Pokémon
              - Basic",opy Anything,Fighting ,1,https://limitlesstcg.nyc3.digitaloceanspaces.com/pocket/A1/A1_205_EN.webp
Eevee,Eevee,Colorless,"Pokémon
              - Basic",Tackle 20,Fighting ,1,https://limitlesstcg.nyc3.digitaloceanspaces.com/pocket/A1/A1_206_EN.webp
Eevee,Eevee,Colorless,"Pokémon
              - Basic",Tackle 20,Fighting ,1,https://limitlesstcg.nyc3.digitaloceanspaces.com/pocket/A1/A1_207_EN.webp
Eevee,Eevee,Colorless,"Pokémon
              - Basic",Tackle 20,Fighting ,1,https://limitlesstcg.nyc3.digitaloceanspaces.com/pocket/A1/A1_208_EN.webp
Porygon,Porygon,Colorless,"Pokémon
              - Basic",Sharpen 20,Fighting ,1,https://limitlesstcg.nyc3.digitaloceanspaces.com/pocket/A1/A1_209_EN.webp
Aerodactyl,Aerodactyl,Colorless,"Pokémon
              - Stage 1
            
                                             - Evolves from
                Old Amber",Primal Wingbeat,Lightning ,1,https://limitlesstcg.nyc3.digitaloceanspaces.com/pocket/A1/A1_210_EN.webp
Snorlax,Snorlax,Colorless,"Pokémon
              - Basic",Rollout 70,Fighting ,4,https://limitlesstcg.nyc3.digitaloceanspaces.com/pocket/A1/A1_211_EN.webp
Minccino,Minccino,Colorless,"Pokémon
              - Basic",Tail Smack 20,none ,1,https://limitlesstcg.nyc3.digitaloceanspaces.com/pocket/A1/A1_212_EN.webp
Cinccino,Cinccino,Colorless,"Pokémon
              - Stage 1
            
                                             - Evolves from
                Minccino",Do the Wave 30x,Fighting ,1,https://limitlesstcg.nyc3.digitaloceanspaces.com/pocket/A1/A1_213_EN.webp
Wooloo,Wooloo,Colorless,"Pokémon
              - Basic",Tackle 30,Fighting ,1,https://limitlesstcg.nyc3.digitaloceanspaces.com/pocket/A1/A1_214_EN.webp
Dubwool,Dubwool,Colorless,"Pokémon
              - Stage 1
            
                                             - Evolves from
                Wooloo",Rolling Tackle 80,Fighting ,2,https://limitlesstcg.nyc3.digitaloceanspaces.com/pocket/A1/A1_215_EN.webp
Helix Fossil,Helix Fossil,40 HP,"Trainer
              - Item",N/A,,,https://limitlesstcg.nyc3.digitaloceanspaces.com/pocket/A1/A1_216_EN.webp
Dome Fossil,Dome Fossil,40 HP,"Trainer
              - Item",N/A,,,https://limitlesstcg.nyc3.digitaloceanspaces.com/pocket/A1/A1_217_EN.webp
Old Amber,Old Amber,40 HP,"Trainer
              - Item",N/A,,,https://limitlesstcg.nyc3.digitaloceanspaces.com/pocket/A1/A1_218_EN.webp
Erika,Erika,N/A,"Trainer
              - Supporter",N/A,,,https://limitlesstcg.nyc3.digitaloceanspaces.com/pocket/A1/A1_219_EN.webp
Misty,Misty,N/A,"Trainer
              - Supporter",N/A,,,https://limitlesstcg.nyc3.digitaloceanspaces.com/pocket/A1/A1_220_EN.webp
Blaine,Blaine,N/A,"Trainer
              - Supporter",N/A,,,https://limitlesstcg.nyc3.digitaloceanspaces.com/pocket/A1/A1_221_EN.webp
Koga,Koga,N/A,"Trainer
              - Supporter",N/A,,,https://limitlesstcg.nyc3.digitaloceanspaces.com/pocket/A1/A1_222_EN.webp
Giovanni,Giovanni,N/A,"Trainer
              - Supporter",N/A,,,https://limitlesstcg.nyc3.digitaloceanspaces.com/pocket/A1/A1_223_EN.webp
Brock,Brock,N/A,"Trainer
              - Supporter",N/A,,,https://limitlesstcg.nyc3.digitaloceanspaces.com/pocket/A1/A1_224_EN.webp
Sabrina,Sabrina,N/A,"Trainer
              - Supporter",N/A,,,https://limitlesstcg.nyc3.digitaloceanspaces.com/pocket/A1/A1_225_EN.webp
Lt. Surge,Lt. Surge,N/A,"Trainer
              - Supporter",N/A,,,https://limitlesstcg.nyc3.digitaloceanspaces.com/pocket/A1/A1_226_EN.webp
Bulbasaur,Bulbasaur,Grass,"Pokémon
              - Basic",Vine Whip 40,Fire ,1,https://limitlesstcg.nyc3.digitaloceanspaces.com/pocket/A1/A1_227_EN.webp
Gloom,Gloom,Grass,"Pokémon
              - Stage 1
            
                                             - Evolves from
                Oddish",Drool 40,Fire ,2,https://limitlesstcg.nyc3.digitaloceanspaces.com/pocket/A1/A1_228_EN.webp
Pinsir,Pinsir,Grass,"Pokémon
              - Basic",Double Horn 50x,Fire ,2,https://limitlesstcg.nyc3.digitaloceanspaces.com/pocket/A1/A1_229_EN.webp
Charmander,Charmander,Fire,"Pokémon
              - Basic",Ember 30,Water ,1,https://limitlesstcg.nyc3.digitaloceanspaces.com/pocket/A1/A1_230_EN.webp
Rapidash,Rapidash,Fire,"Pokémon
              - Stage 1
            
                                             - Evolves from
                Ponyta",Fire Mane 40,Water ,1,https://limitlesstcg.nyc3.digitaloceanspaces.com/pocket/A1/A1_231_EN.webp
Squirtle,Squirtle,Water,"Pokémon
              - Basic",ater Gun 20,Lightning ,1,https://limitlesstcg.nyc3.digitaloceanspaces.com/pocket/A1/A1_232_EN.webp
Gyarados,Gyarados,Water,"Pokémon
              - Stage 1
            
                                             - Evolves from
                Magikarp",Hyper Beam 100,Lightning ,4,https://limitlesstcg.nyc3.digitaloceanspaces.com/pocket/A1/A1_233_EN.webp
Lapras,Lapras,Water,"Pokémon
              - Basic",Hydro Pump 20+,Lightning ,2,https://limitlesstcg.nyc3.digitaloceanspaces.com/pocket/A1/A1_234_EN.webp
Electrode,Electrode,Lightning,"Pokémon
              - Stage 1
            
                                             - Evolves from
                Voltorb",Electro Ball 70,Fighting ,0,https://limitlesstcg.nyc3.digitaloceanspaces.com/pocket/A1/A1_235_EN.webp
Alakazam,Alakazam,Psychic,"Pokémon
              - Stage 2
            
                                             - Evolves from
                Kadabra",Psychic 60+,Darkness ,2,https://limitlesstcg.nyc3.digitaloceanspaces.com/pocket/A1/A1_236_EN.webp
Slowpoke,Slowpoke,Psychic,"Pokémon
              - Basic",Tail Whap 30,Darkness ,2,https://limitlesstcg.nyc3.digitaloceanspaces.com/pocket/A1/A1_237_EN.webp
Diglett,Diglett,Fighting,"Pokémon
              - Basic",Mud-Slap 20,Grass ,1,https://limitlesstcg.nyc3.digitaloceanspaces.com/pocket/A1/A1_238_EN.webp
Cubone,Cubone,Fighting,"Pokémon
              - Basic",Unknown 0,Grass ,1,https://limitlesstcg.nyc3.digitaloceanspaces.com/pocket/A1/A1_239_EN.webp
Nidoqueen,Nidoqueen,Darkness,"Pokémon
              - Stage 2
            
                                             - Evolves from
                Nidorina",Lovestrike 80+,Fighting ,2,https://limitlesstcg.nyc3.digitaloceanspaces.com/pocket/A1/A1_240_EN.webp
Nidoking,Nidoking,Darkness,"Pokémon
              - Stage 2
            
                                             - Evolves from
                Nidorino",Poison Horn 90,Fighting ,3,https://limitlesstcg.nyc3.digitaloceanspaces.com/pocket/A1/A1_241_EN.webp
Golbat,Golbat,Darkness,"Pokémon
              - Stage 1
            
                                             - Evolves from
                Zubat",Wing Attack 40,Fighting ,1,https://limitlesstcg.nyc3.digitaloceanspaces.com/pocket/A1/A1_242_EN.webp
Weezing,Weezing,Darkness,"Pokémon
              - Stage 1
            
                                             - Evolves from
                Koffing",Tackle 30,Fighting ,3,https://limitlesstcg.nyc3.digitaloceanspaces.com/pocket/A1/A1_243_EN.webp
Dragonite,Dragonite,Dragon,"Pokémon
              - Stage 2
            
                                             - Evolves from
                Dragonair",Draco Meteor,none ,3,https://limitlesstcg.nyc3.digitaloceanspaces.com/pocket/A1/A1_244_EN.webp
Pidgeot,Pidgeot,Colorless,"Pokémon
              - Stage 2
            
                                             - Evolves from
                Pidgeotto",Wing Attack 70,Lightning ,1,https://limitlesstcg.nyc3.digitaloceanspaces.com/pocket/A1/A1_245_EN.webp
Meowth,Meowth,Colorless,"Pokémon
              - Basic",Pay Day 10,Fighting ,1,https://limitlesstcg.nyc3.digitaloceanspaces.com/pocket/A1/A1_246_EN.webp
Ditto,Ditto,Colorless,"Pokémon
              - Basic",opy Anything,Fighting ,1,https://limitlesstcg.nyc3.digitaloceanspaces.com/pocket/A1/A1_247_EN.webp
Eevee,Eevee,Colorless,"Pokémon
              - Basic",Tackle 20,Fighting ,1,https://limitlesstcg.nyc3.digitaloceanspaces.com/pocket/A1/A1_248_EN.webp
Porygon,Porygon,Colorless,"Pokémon
              - Basic",Sharpen 20,Fighting ,1,https://limitlesstcg.nyc3.digitaloceanspaces.com/pocket/A1/A1_249_EN.webp
Snorlax,Snorlax,Colorless,"Pokémon
              - Basic",Rollout 70,Fighting ,4,https://limitlesstcg.nyc3.digitaloceanspaces.com/pocket/A1/A1_250_EN.webp
Venusaur ex,Venusaur ex,Grass,"Pokémon
              - Stage 2
            
                                             - Evolves from
                Ivysaur","Razor Leaf 60, Giant Bloom 100",Fire ,3,https://limitlesstcg.nyc3.digitaloceanspaces.com/pocket/A1/A1_251_EN.webp
Exeggutor ex,Exeggutor ex,Grass,"Pokémon
              - Stage 1
            
                                             - Evolves from
                Exeggcute",Tropical Swing 40+,Fire ,3,https://limitlesstcg.nyc3.digitaloceanspaces.com/pocket/A1/A1_252_EN.webp
Charizard ex,Charizard ex,Fire,"Pokémon
              - Stage 2
            
                                             - Evolves from
                Charmeleon","Slash 60, Crimson Storm 200",Water ,2,https://limitlesstcg.nyc3.digitaloceanspaces.com/pocket/A1/A1_253_EN.webp
Arcanine ex,Arcanine ex,Fire,"Pokémon
              - Stage 1
            
                                             - Evolves from
                Growlithe",Inferno Onrush 120,Water ,2,https://limitlesstcg.nyc3.digitaloceanspaces.com/pocket/A1/A1_254_EN.webp
Moltres ex,Moltres ex,Fire,"Pokémon
              - Basic","Inferno Dance, Heat Blast 70",Lightning ,2,https://limitlesstcg.nyc3.digitaloceanspaces.com/pocket/A1/A1_255_EN.webp
Blastoise ex,Blastoise ex,Water,"Pokémon
              - Stage 2
            
                                             - Evolves from
                Wartortle","Surf 40, Hydro Bazooka 100+",Lightning ,3,https://limitlesstcg.nyc3.digitaloceanspaces.com/pocket/A1/A1_256_EN.webp
Starmie ex,Starmie ex,Water,"Pokémon
              - Stage 1
            
                                             - Evolves from
                Staryu",Hydro Splash 90,Lightning ,0,https://limitlesstcg.nyc3.digitaloceanspaces.com/pocket/A1/A1_257_EN.webp
Articuno ex,Articuno ex,Water,"Pokémon
              - Basic","Ice Wing 40, Blizzard 80",Lightning ,2,https://limitlesstcg.nyc3.digitaloceanspaces.com/pocket/A1/A1_258_EN.webp
Pikachu ex,Pikachu ex,Lightning,"Pokémon
              - Basic",Circle Circuit 30x,Fighting ,1,https://limitlesstcg.nyc3.digitaloceanspaces.com/pocket/A1/A1_259_EN.webp
Zapdos ex,Zapdos ex,Lightning,"Pokémon
              - Basic","Peck 20, Thundering Hurricane 50x",Lightning ,1,https://limitlesstcg.nyc3.digitaloceanspaces.com/pocket/A1/A1_260_EN.webp
Gengar ex,Gengar ex,Psychic,"Pokémon
              - Stage 2
            
                                             - Evolves from
                Haunter",Spooky Shot 100,Darkness ,2,https://limitlesstcg.nyc3.digitaloceanspaces.com/pocket/A1/A1_261_EN.webp
Mewtwo ex,Mewtwo ex,Psychic,"Pokémon
              - Basic","Psychic Sphere 50, Psydrive 150",Darkness ,2,https://limitlesstcg.nyc3.digitaloceanspaces.com/pocket/A1/A1_262_EN.webp
Machamp ex,Machamp ex,Fighting,"Pokémon
              - Stage 2
            
                                             - Evolves from
                Machoke",Mega Punch 120,Psychic ,3,https://limitlesstcg.nyc3.digitaloceanspaces.com/pocket/A1/A1_263_EN.webp
Marowak ex,Marowak ex,Fighting,"Pokémon
              - Stage 1
            
                                             - Evolves from
                Cubone",Bonemerang 80x,Grass ,1,https://limitlesstcg.nyc3.digitaloceanspaces.com/pocket/A1/A1_264_EN.webp
Wigglytuff ex,Wigglytuff ex,Colorless,"Pokémon
              - Stage 1
            
                                             - Evolves from
                Jigglypuff",Sleepy Song 80,Fighting ,2,https://limitlesstcg.nyc3.digitaloceanspaces.com/pocket/A1/A1_265_EN.webp
Erika,Erika,N/A,"Trainer
              - Supporter",N/A,,,https://limitlesstcg.nyc3.digitaloceanspaces.com/pocket/A1/A1_266_EN.webp
Misty,Misty,N/A,"Trainer
              - Supporter",N/A,,,https://limitlesstcg.nyc3.digitaloceanspaces.com/pocket/A1/A1_267_EN.webp
Blaine,Blaine,N/A,"Trainer
              - Supporter",N/A,,,https://limitlesstcg.nyc3.digitaloceanspaces.com/pocket/A1/A1_268_EN.webp
Koga,Koga,N/A,"Trainer
              - Supporter",N/A,,,https://limitlesstcg.nyc3.digitaloceanspaces.com/pocket/A1/A1_269_EN.webp
Giovanni,Giovanni,N/A,"Trainer
              - Supporter",N/A,,,https://limitlesstcg.nyc3.digitaloceanspaces.com/pocket/A1/A1_270_EN.webp
Brock,Brock,N/A,"Trainer
              - Supporter",N/A,,,https://limitlesstcg.nyc3.digitaloceanspaces.com/pocket/A1/A1_271_EN.webp
Sabrina,Sabrina,N/A,"Trainer
              - Supporter",N/A,,,https://limitlesstcg.nyc3.digitaloceanspaces.com/pocket/A1/A1_272_EN.webp
Lt. Surge,Lt. Surge,N/A,"Trainer
              - Supporter",N/A,,,https://limitlesstcg.nyc3.digitaloceanspaces.com/pocket/A1/A1_273_EN.webp
Moltres ex,Moltres ex,Fire,"Pokémon
              - Basic","Inferno Dance, Heat Blast 70",Lightning ,2,https://limitlesstcg.nyc3.digitaloceanspaces.com/pocket/A1/A1_274_EN.webp
Articuno ex,Articuno ex,Water,"Pokémon
              - Basic","Ice Wing 40, Blizzard 80",Lightning ,2,https://limitlesstcg.nyc3.digitaloceanspaces.com/pocket/A1/A1_275_EN.webp
Zapdos ex,Zapdos ex,Lightning,"Pokémon
              - Basic","Peck 20, Thundering Hurricane 50x",Lightning ,1,https://limitlesstcg.nyc3.digitaloceanspaces.com/pocket/A1/A1_276_EN.webp
Gengar ex,Gengar ex,Psychic,"Pokémon
              - Stage 2
            
                                             - Evolves from
                Haunter",Spooky Shot 100,Darkness ,2,https://limitlesstcg.nyc3.digitaloceanspaces.com/pocket/A1/A1_277_EN.webp
Machamp ex,Machamp ex,Fighting,"Pokémon
              - Stage 2
            
                                             - Evolves from
                Machoke",Mega Punch 120,Psychic ,3,https://limitlesstcg.nyc3.digitaloceanspaces.com/pocket/A1/A1_278_EN.webp
Wigglytuff ex,Wigglytuff ex,Colorless,"Pokémon
              - Stage 1
            
                                             - Evolves from
                Jigglypuff",Sleepy Song 80,Fighting ,2,https://limitlesstcg.nyc3.digitaloceanspaces.com/pocket/A1/A1_279_EN.webp
Charizard ex,Charizard ex,Fire,"Pokémon
              - Stage 2
            
                                             - Evolves from
                Charmeleon","Slash 60, Crimson Storm 200",Water ,2,https://limitlesstcg.nyc3.digitaloceanspaces.com/pocket/A1/A1_280_EN.webp
Pikachu ex,Pikachu ex,Lightning,"Pokémon
              - Basic",Circle Circuit 30x,Fighting ,1,https://limitlesstcg.nyc3.digitaloceanspaces.com/pocket/A1/A1_281_EN.webp
Mewtwo ex,Mewtwo ex,Psychic,"Pokémon
              - Basic","Psychic Sphere 50, Psydrive 150",Darkness ,2,https://limitlesstcg.nyc3.digitaloceanspaces.com/pocket/A1/A1_282_EN.webp
Mew,Mew,Psychic,"Pokémon
              - Basic",sy Report 20,Darkness ,1,https://limitlesstcg.nyc3.digitaloceanspaces.com/pocket/A1/A1_283_EN.webp
Charizard ex,Charizard ex,Fire,"Pokémon
              - Stage 2
            
                                             - Evolves from
                Charmeleon","Slash 60, Crimson Storm 200",Water ,2,https://limitlesstcg.nyc3.digitaloceanspaces.com/pocket/A1/A1_284_EN.webp
Pikachu ex,Pikachu ex,Lightning,"Pokémon
              - Basic",Circle Circuit 30x,Fighting ,1,https://limitlesstcg.nyc3.digitaloceanspaces.com/pocket/A1/A1_285_EN.webp
Mewtwo ex,Mewtwo ex,Psychic,"Pokémon
              - Basic","Psychic Sphere 50, Psydrive 150",Darkness ,2,https://limitlesstcg.nyc3.digitaloceanspaces.com/pocket/A1/A1_286_EN.webp
